"ID","Title","President"
"10096","Providing for a Uniform Patent Policy for the Government with Respect to Inventions Made by Government Employees and for the Administration of Such Policy","33 - Harry S. Truman"
"10163","The Armed Forces Reserve Medal","33 - Harry S. Truman"
"10171","Transferring Occupation Functions in Austria to the Department of State","33 - Harry S. Truman"
"10198","Exemption of Paul A. Walker from Compulsory Retirement for Age","33 - Harry S. Truman"
"10210","Authorizing the Department of Defense and the Department of Commerce to Exercise the Functions and Powers Set Forth in Title Ii of the First War Powers Act, 1941, as Amended by the Act of January 12, 1951, and Prescribing Regulations for the Exercise of Such Functions and Powers","33 - Harry S. Truman"
"10214","Prescribing the Manual for Courts-Martial, United States, 1951","33 - Harry S. Truman"
"10216","Extension of the Provisions of Part I of Executive Order No. 10210 of February 2, 1951, to the Department of Agriculture, the Atomic Energy Commission, the National Advisory Committee for Aeronautics, and the Government Printing Office","33 - Harry S. Truman"
"10219","Defining Certain Responsibilities of Federal Agencies with Respect to Transportation and Storage","33 - Harry S. Truman"
"10227","Extension of the Provisions of Part I of Executive Order No. 10210 of February 2, 1951, to the General Services Administration","33 - Harry S. Truman"
"10231","Extension of the Provisions of Part I of Executive Order No. 10210 of February 2, 1951, to the Tennessee Valley Authority","33 - Harry S. Truman"
"10243","Extension of the Provisions of Part I of Executive Order No. 10210 of February 2, 1951, to the Federal Civil Defense Administration","33 - Harry S. Truman"
"10251","Suspension of the Eight-Hour Law as to Laborers and Mechanics Employed by the Department of Defense on Public Work Essential to the National Defense","33 - Harry S. Truman"
"10281","Defense Materials Procurement and Supply","33 - Harry S. Truman"
"10297","Providing for a Telecommunications Advisor to the President","33 - Harry S. Truman"
"10298","Extending the Provisions of Part I of Executive Order No. 10210 of February 2, 1951, to the Department of the Interior.","33 - Harry S. Truman"
"10304","Inspection of Income, Excess-Profits, Declared Value Excess-Profits, Capital Stock, Estate, and Gift Tax Returns by the Senate Committee on Armed Services","33 - Harry S. Truman"
"10308","Improving the Means for Obtaining Compliance with the Nondiscrimination Provisions of Federal Contracts","33 - Harry S. Truman"
"10311","Suspending Certain Statutory Provisions Relating to Employment in the Canal Zone","33 - Harry S. Truman"
"10312","Providing for Emergency Control Over Certain Government and Non-Government Stations Egaged in Radio Communication or Radio Transmission of Energy","33 - Harry S. Truman"
"10332","Prescribing the Order of Succession of Officers to Act as Secreetary of Defense, Secretary of the Army, Secretary of the Navy, and Secretary of the Air Force","33 - Harry S. Truman"
"10346","Preparation by Federal Agencies of Civil Defense Emergency Plans","33 - Harry S. Truman"
"10393","Establishment of the Clemency and Parole Board for War Criminals","33 - Harry S. Truman"
"10394","Suspending Certain Statutory Provisions Relating to Employment in the Canal Zone","33 - Harry S. Truman"
"10402","Enforcement of the Convention for Safety of Life At Sea, 1948","33 - Harry S. Truman"
"10416","Amendment of Executive Orders No. 10251 and No. 10282, Suspending the Eight-Hour Law as to Certain Laborers and Mechanics Employed by the Department of Defense and the Department of the Interior Repectively","33 - Harry S. Truman"
"10421","Providing for the Physical Security of Facilities Important to the National Defense","33 - Harry S. Truman"
"10448","Establishing the National Defense Service Medal","34 - Dwight D. Eisenhower"
"10457","Designating the Department of Justice as a defense agency for certain purposes","34 - Dwight D. Eisenhower"
"10460","PROVIDING FOR THE PERFORMANCE BY THE DIRECTOR OF DEFENSE MOBILIZATION OF CERTAIN FUNCTIONS RELATING TO TELECOMMUNICATIONS","34 - Dwight D. Eisenhower"
"10477","Authorizing the Director of the United States Information Agency to exercise certain authority available by law to the Secretary of State and the Director of the Foreign Operations Administration","34 - Dwight D. Eisenhower"
"10480","Further providing for the administration of the defense mobilization program","34 - Dwight D. Eisenhower"
"10485","Providing for the performance of certain functions heretofore performed by the President with respect to electric power and natural gas facilities located on the borders of the United States","34 - Dwight D. Eisenhower"
"10500","Designation of the Power Authority of the State of New York and establishment of the United States Section of the St. Lawrence River Joint Board of Engineers","34 - Dwight D. Eisenhower"
"10521","Administration of scientific research by agencies of the Federal Government","34 - Dwight D. Eisenhower"
"10530","Providing for the performance of certain functions vested in or subject to the approval of the President","34 - Dwight D. Eisenhower"
"10538","Establishing a seal for the United States Marine Corps","34 - Dwight D. Eisenhower"
"10560","ADMINISTRATION OF THE AGRICULTURAL TRADE DEVELOPMENT AND ASSISTANCE ACT OF 1954","34 - Dwight D. Eisenhower"
"10608","United States authority and functions in Germany","34 - Dwight D. Eisenhower"
"10646","Designating the Secretary of Defense to coordinate and facilitate actions required to discharge Federal responsibilities under the Federal Voting Assistance Act of 1955","34 - Dwight D. Eisenhower"
"10722","AMENDMENT OF EXECUTIVE ORDER NO. 10590, [FN1] ESTABLISHING THE PRESIDENT""SCOMMITTEE ON GOVERNMENT EMPLOYMENT POLICY","34 - Dwight D. Eisenhower"
"10726","SUSPENSION OF COMPLIANCE WITH CERTAIN STATUTORY PROVISIONS RELATING TO EMPLOYMENT IN THE CANAL ZONE","34 - Dwight D. Eisenhower"
"10776","Delegating to the Secretary of Defense certain authority of the President relating to the modification of standards and requirements with respect to the induction of persons into the armed forces, and for other purposes","34 - Dwight D. Eisenhower"
"10783","Transferring certain functions from the Department of Defense to the National Aeronautics and Space Administration","34 - Dwight D. Eisenhower"
"10784","SPECIFICATION OF LAWS FROM WHICH FUNCTIONS AUTHORIZED BY THE MUTUAL SECURITY ACT OF 1954, AS AMENDED, SHALL BE EXEMPT","34 - Dwight D. Eisenhower"
"10789","Authorizing agencies of the Government to exercise certain contracting authority in connection with national-defense functions and prescribing regulations governing the exercise of such authority","34 - Dwight D. Eisenhower"
"10793","Transferring certain functions from the Department of Defense to the National Aeronautics and Space Administration","34 - Dwight D. Eisenhower"
"10802","ESTABLISHING THE COMMITTEE ON GOVERNMENT ACTIVITIES AFFECTING PRICES AND COSTS","34 - Dwight D. Eisenhower"
"10834","The flag of the United States","34 - Dwight D. Eisenhower"
"10840","Designating the Federal Aviation Administration as an agency to have certain contractual authority under the Assignment of Claims Act of 1940, as amended","34 - Dwight D. Eisenhower"
"10849","Establishing a seal for the National Aeronautics and Space Administration","34 - Dwight D. Eisenhower"
"10865","Safeguarding Classified Information Within Industry","34 - Dwight D. Eisenhower"
"10870","Designating the facilities of the National Aeronautics and Space Administration at Huntsville, Alabama, as the George C. Marshall Space Flight Center","34 - Dwight D. Eisenhower"
"10899","Authorization for the communication of restricted data by the Central Intelligence Agency","34 - Dwight D. Eisenhower"
"10900","ADMINISTRATION OF THE AGRICULTURAL TRADE DEVELOPMENT AND ASSISTANCE ACT OF 1954, AS AMENDED","34 - Dwight D. Eisenhower"
"10909","Amendment of Executive Order No. 10865, Safeguarding Classified Information Within Industry","34 - Dwight D. Eisenhower"
"10910","Providing for the design of the National Medal of Science","34 - Dwight D. Eisenhower"
"10925","Executive Order 10925","35 - John F. Kennedy"
"10942","Executive Order 10942","35 - John F. Kennedy"
"10946","Executive Order 10946","35 - John F. Kennedy"
"10952","Executive Order 10952","35 - John F. Kennedy"
"10957","Executive Order 10957","35 - John F. Kennedy"
"10961","Executive Order 10961","35 - John F. Kennedy"
"10973","Executive Order 10973","35 - John F. Kennedy"
"10976","Executive Order 10976","35 - John F. Kennedy"
"10995","Assigning Telecommunications Management Functions","35 - John F. Kennedy"
"10997","Executive Order 10997","35 - John F. Kennedy"
"10998","Executive Order 10998","35 - John F. Kennedy"
"10999","Executive Order 10999","35 - John F. Kennedy"
"11000","ASSIGNING EMERGENCY PREPAREDNESS FUNCTIONS TO THE SECRETARY OF LABOR","35 - John F. Kennedy"
"11001","Executive Order 11001","35 - John F. Kennedy"
"11002","Executive Order 11002","35 - John F. Kennedy"
"11003","Executive Order 11003","35 - John F. Kennedy"
"11004","Executive Order 11004","35 - John F. Kennedy"
"11005","Executive Order 11005","35 - John F. Kennedy"
"11014","Executive Order 11014","35 - John F. Kennedy"
"11023","Executive Order 11023","35 - John F. Kennedy"
"11024","Executive Order 11024","35 - John F. Kennedy"
"11044","Executive Order 11044","35 - John F. Kennedy"
"11047","Executive Order 11047","35 - John F. Kennedy"
"11051","Prescribing Responsibilities of the Office of Emergency Planning in the Executive Office of the President","35 - John F. Kennedy"
"11057","Executive Order 11057","35 - John F. Kennedy"
"11058","Executive Order 11058","35 - John F. Kennedy"
"11062","Executive Order 11062","35 - John F. Kennedy"
"11064","Executive Order 11064","35 - John F. Kennedy"
"11084","Executive Order 11084","35 - John F. Kennedy"
"11089","Executive Order 11089","35 - John F. Kennedy"
"11090","Executive Order 11090","35 - John F. Kennedy"
"11092","Executive Order 11092","35 - John F. Kennedy"
"11093","Executive Order 11093","35 - John F. Kennedy"
"11094","Executive Order 11094","35 - John F. Kennedy"
"11095","Executive Order 11095","35 - John F. Kennedy"
"11097","Amendment of Executive Order No. 10501, as Amended, Relating to Authority for the Original Classification of Defense Information and Material","35 - John F. Kennedy"
"11128","Executive Order 11128 Closing Government Departments and Agencies on November 25, 1963.","36 - Lyndon B. Johnson"
"11129","Executive Order 11129 Designating Facilities in Florida as the John F. Kennedy Space Center.","36 - Lyndon B. Johnson"
"11161","Relating to certain relationships between the Department of Defense and the Federal Aviation Administration","36 - Lyndon B. Johnson"
"11177","Providing for certain arrangements under the Columbia River Treaty","36 - Lyndon B. Johnson"
"11223","Relating to the performance of functions authorized by the Foreign Assistance Act of 1961, as amended","36 - Lyndon B. Johnson"
"11239","ENFORCEMENT OF THE CONVENTION FOR SAFETY OF LIFE AT SEA, 1960","36 - Lyndon B. Johnson"
"11287","Award and presentation of the National Medal of Science","36 - Lyndon B. Johnson"
"11327","ASSIGNING AUTHORITY TO ORDER CERTAIN PERSONS IN THE READY RESERVE TO ACTIVE DUTY","36 - Lyndon B. Johnson"
"11366","Assigning authority to order certain persons in the Ready Reserve to active duty","36 - Lyndon B. Johnson"
"11374","Abolishing the Missile Sites Labor Commission and providing for the performance of its functions","36 - Lyndon B. Johnson"
"11381","AMENDING EXECUTIVE ORDER NO. 10807 OF MARCH 13, 1959, RELATING TO THE FEDERAL COUNCIL FOR SCIENCE AND TECHNOLOGY","36 - Lyndon B. Johnson"
"11392","Ordering Certain Units of the Ready Reserve of the Naval Reserve, Air Force Reserve and Air National Guard of the United States to Active Duty","36 - Lyndon B. Johnson"
"11423","Providing for the performance of certain functions heretofore performed by the President with respect to certain facilities constructed and maintained on the borders of the United States","36 - Lyndon B. Johnson"
"11438","Prescribing procedures governing interdepartmental cash awards to the members of the Armed Forces","36 - Lyndon B. Johnson"
"11485","Supervision and control of the National Guard of the District of Columbia","37 - Richard Nixon"
"11490","Assigning Emergency Preparedness Functions to Federal Departments and Agencies","37 - Richard Nixon"
"11503","EXCUSING FEDERAL EMPLOYEES FROM DUTY ON DECEMBER 26, 1969","37 - Richard Nixon"
"11512","PLANNING, ACQUISITION, AND MANAGEMENT OF FEDERAL SPACE","37 - Richard Nixon"
"11545","Establishing the Defense Distinguished Service Medal","37 - Richard Nixon"
"11564","Transfer of certain programs and activities to the Secretary of Commerce","37 - Richard Nixon"
"11566","Consumer product information","37 - Richard Nixon"
"11578","Establishment of the Ohio River Basin Commission","37 - Richard Nixon"
"11609","Delegating certain functions vested in the President to other officers of the Government","37 - Richard Nixon"
"11628","Establishing a seal for the Environmental Protection Agency","37 - Richard Nixon"
"11652","Classification and Declassification of National Security Information and Material","37 - Richard Nixon"
"11700","Providing for the Closing of Government Departments and Agencies on Thursday, January 23, 1973","37 - Richard Nixon"
"11735","Assignment of functions under section 311 of the Federal Water Pollution Control Act, as amended","37 - Richard Nixon"
"11736","Amending Executive Order No. 11708, [FN1] Placing Certain Positions in Levels IV and V of the Executive Schedule","37 - Richard Nixon"
"11738","Providing for administration of the Clean Air Act and the Federal Water Pollution Control Act with respect to Federal contracts, grants, or loans","37 - Richard Nixon"
"11742","Delegating to the Secretary of State certain functions with respect to the negotiation of international agreements relating to the enhancement of the environment","37 - Richard Nixon"
"11814","Activation of the Energy Resources Council","38 - Gerald R. Ford"
"11819","Membership of the Energy Resources Council","38 - Gerald R. Ford"
"11827","Continuance of Certain Federal Advisory Committees","38 - Gerald R. Ford"
"11830","Enlarging the Membership of the Interagency Committee on Handicapped Employees","38 - Gerald R. Ford"
"11839","Amending the Civil Service Rules to Except Certains Positions in Regional Offices from the Career Service","38 - Gerald R. Ford"
"11855","Membership of the Energy Resources Council","38 - Gerald R. Ford"
"11856","Amending the Civil Service Rules to Except Certain Positions From the Career Service","38 - Gerald R. Ford"
"11861","Placing Certain Positions in Levels IV and V of the Executive Schedule","38 - Gerald R. Ford"
"11870","Environmental Safeguards on Activities for Animal Damage Control on Federal Lands","38 - Gerald R. Ford"
"11877","Amending Executive Order No. 11861, as Amended, Placing Certain Positions in Levels IV and V of the Executive Schedule","38 - Gerald R. Ford"
"11885","Amending Executive Order No. 11861, as Amended, Placing Certain Positions in Levels IV and V of the Executive Schedule","38 - Gerald R. Ford"
"11891","Providing for the Closing of Government Departments and Agencies on Friday, December 26, 1975","38 - Gerald R. Ford"
"11892","Amending Executive Order No. 11647 [FN1] Relating to Federal Regional Councils","38 - Gerald R. Ford"
"11896","Establishing the United States Sinai Support Mission","38 - Gerald R. Ford"
"11904","Establishing the Defense Superior Service Medal","38 - Gerald R. Ford"
"11905","United States Foreign Intelligence Activities","38 - Gerald R. Ford"
"11911","Preservation of Endangered Species","38 - Gerald R. Ford"
"11917","Amending Executive Order No. 11643 of February 8, 1972, Relating to Environmental Safeguards on Activities for Animal Damage Control on Federal Lands","38 - Gerald R. Ford"
"11918","Compensation for damages involving nuclear reactors of United States warships","38 - Gerald R. Ford"
"11921","Adjusting Emergency Preparedness Assignments to Organizational and Functional Changes in Federal Departments and Agencies","38 - Gerald R. Ford"
"11930","Performance by the Federal Energy Office of Energy Functions of the Federal Energy Administration","38 - Gerald R. Ford"
"11939","Basic Allowances for Quarters","38 - Gerald R. Ford"
"11948","Continuance of Certain Federal Advisory Committees","38 - Gerald R. Ford"
"11950","Conforming the Central Intelligence Agency and Civil Service Retirement and Disability Systems with respect to cost of living adjustments","38 - Gerald R. Ford"
"11953","Emergency Preparedness Functions","38 - Gerald R. Ford"
"11955","Permitting certain qualified employees of the National Aeronautics and Space Administration to be given career or career-conditional appointment","38 - Gerald R. Ford"
"11958","Administration of arms export controls","38 - Gerald R. Ford"
"11959","Administration of Foreign Assistance and Related Functions","38 - Gerald R. Ford"
"11976","Executive Schedule","39 - Jimmy Carter"
"11986","Executive Schedule","39 - Jimmy Carter"
"11998","President's Commission on Military Compensation -","39 - Jimmy Carter"
"12009","Department of Energy","39 - Jimmy Carter"
"12025","Executive Schedule","39 - Jimmy Carter"
"12026","Energy Department Employees","39 - Jimmy Carter"
"12038","Department of Energy","39 - Jimmy Carter"
"12046","Telecommunications Functions","39 - Jimmy Carter"
"12049","Defense Economic Adjustment Programs","39 - Jimmy Carter"
"12058","Nuclear Non-Proliferation","39 - Jimmy Carter"
"12062","President's Commission on the Coal Industry","39 - Jimmy Carter"
"12063","United States Court of Military Appeals Nominating Commission","39 - Jimmy Carter"
"12065","National Security Information","39 - Jimmy Carter"
"12075","Interagency Coordinating Council","39 - Jimmy Carter"
"12076","Executive Schedule","39 - Jimmy Carter"
"12083","Energy Coordinating Committee","39 - Jimmy Carter"
"12086","Equal Employment Opportunity Functions","39 - Jimmy Carter"
"12088","Federal Compliance With Pollution Control Standards","39 - Jimmy Carter"
"12089","National Productivity Council","39 - Jimmy Carter"
"12099","Executive Schedule","39 - Jimmy Carter"
"12103","President's Commission on the Coal Industry","39 - Jimmy Carter"
"12106","Equal Employment Opportunity Enforcement","39 - Jimmy Carter"
"12110","Federal Advisory Committees","39 - Jimmy Carter"
"12129","Critical Energy Facility Program","39 - Jimmy Carter"
"12130","President's Commission on the Accident at Three Mile Island","39 - Jimmy Carter"
"12138","Women's Business Enterprise","39 - Jimmy Carter"
"12140","Gasoline End-User Allocation","39 - Jimmy Carter"
"12142","Alaska Natural Gas Transportation System","39 - Jimmy Carter"
"12143","Maintaining Unofficial Relations with the People on Taiwan","39 - Jimmy Carter"
"12146","Management of Federal Legal Resources","39 - Jimmy Carter"
"12148","Federal Emergency Management","39 - Jimmy Carter"
"12149","Federal Regional Councils","39 - Jimmy Carter"
"12154","Executive Schedule","39 - Jimmy Carter"
"12156","Federal Emergency Management Agency; Department of Energy","39 - Jimmy Carter"
"12160","Federal Consumer Programs","39 - Jimmy Carter"
"12163","Administration of Foreign Assistance and Related Functions","39 - Jimmy Carter"
"12171","Exclusions From the Federal Labor-Management Relations Program","39 - Jimmy Carter"
"12191","Federal Facility Ridesharing Program","39 - Jimmy Carter"
"12192","State Planning Council on Radioactive Waste Management","39 - Jimmy Carter"
"12194","Radiation Policy Council","39 - Jimmy Carter"
"12198","Prescribing Amendments to the Manual for Courts-Martial, United States, 1969 (Revised Edition)","39 - Jimmy Carter"
"12202","Nuclear Safety Oversight Committee","39 - Jimmy Carter"
"12215","Delegation of Panama Canal Functions","39 - Jimmy Carter"
"12220","Agricultural Trade Development","39 - Jimmy Carter"
"12234","Enforcement of the Convention for the Safety of Life at Sea","39 - Jimmy Carter"
"12247","Federal Actions in the Lake Tahoe Region","39 - Jimmy Carter"
"12258","Continuance of Certain Federal Advisory Committees","39 - Jimmy Carter"
"12261","Gasohol in Federal Motor Vehicles","39 - Jimmy Carter"
"12264","Export of Banned or Significantly Restricted Substances","39 - Jimmy Carter"
"12265","Federal Consumer Programs","39 - Jimmy Carter"
"12275","Design Liaison Council","39 - Jimmy Carter"
"12286","Responses to Environmental Damage","39 - Jimmy Carter"
"12301","Integrity and Efficiency in Federal Programs","40 - Ronald Reagan"
"12314","Federal Regional Councils","40 - Ronald Reagan"
"12316","Responses to Environmental Damage","40 - Ronald Reagan"
"12333","United States Intelligence Activities","40 - Ronald Reagan"
"12336","Task Force on Legal Equity for Women","40 - Ronald Reagan"
"12338","Exclusions From the Federal Labor- Management Relations Program","40 - Ronald Reagan"
"12344","Naval Nuclear Propulsion Program","40 - Ronald Reagan"
"12346","Synthetic Fuels","40 - Ronald Reagan"
"12352","Federal Procurement Reforms","40 - Ronald Reagan"
"12356","National Security Information","40 - Ronald Reagan"
"12391","Partial Suspension of Federal Service Labor-Management Relations","40 - Ronald Reagan"
"12399","Continuance of Certain Federal Advisory Committees","40 - Ronald Reagan"
"12400","President's Commission on Strategic Forces","40 - Ronald Reagan"
"12424","President's Commission on Strategic Forces","40 - Ronald Reagan"
"12448","Regulations Related to Voiding or Rescission of Contracts","40 - Ronald Reagan"
"12465","Commercial Expendable Launch Vehicle Activities","40 - Ronald Reagan"
"12472","Assignment of National Security and Emergency Preparedness Telecommunications Functions","40 - Ronald Reagan"
"12479","Management Reform in the Federal Government","40 - Ronald Reagan"
"12489","Continuance of Certain Federal Advisory Committees","40 - Ronald Reagan"
"12490","National Commission on Space","40 - Ronald Reagan"
"12500","Delegation to the Secretary of State and the Director of the International Development Cooperation Agency Concerning Foreign Assistance","40 - Ronald Reagan"
"12501","Arctic Research","40 - Ronald Reagan"
"12502","Chemical Warfare Review Commission","40 - Ronald Reagan"
"12509","Technical Review Group on Inertial Confinement Fusion","40 - Ronald Reagan"
"12514","Prescribing the Order of Succession of Officers To Act as Secretary of Defense, Secretary of the Army, Secretary of the Navy, and Secretary of the Air Force","40 - Ronald Reagan"
"12520","Quarters Allowance to Department of Defense Employees In Panama","40 - Ronald Reagan"
"12526","President's Blue Ribbon Commission on Defense Management","40 - Ronald Reagan"
"12530","Establishment of Nicaraguan Humanitarian Assistance Office","40 - Ronald Reagan"
"12534","Continuance of Certain Federal Advisory Committees","40 - Ronald Reagan"
"12540","Adjustments of Certain Rates of Pay and Allowances","40 - Ronald Reagan"
"12545","National Commission on Space","40 - Ronald Reagan"
"12546","Presidential Commission on the Space Shuttle Challenger Accident","40 - Ronald Reagan"
"12553","Revocation of Various Executive Orders","40 - Ronald Reagan"
"12560","Administration of Foreign Relations and Related Functions","40 - Ronald Reagan"
"12566","Safety Belt Use Requirements for Federal Employees","40 - Ronald Reagan"
"12568","Employment Opportunities for Military Spouses at Nonappropriated Fund Activities","40 - Ronald Reagan"
"12569","Compact of Free Association With the Republic of the Marshall Islands, the Federated States of Micronesia, and the Republic of Palau","40 - Ronald Reagan"
"12571","Implementation of the Comprehensive Anti-Apartheid Act","40 - Ronald Reagan"
"12580","Superfund Implementation","40 - Ronald Reagan"
"12591","Facilitating Access to Science and Technology","40 - Ronald Reagan"
"12608","Elimination of Unnecessary Executive Orders and Technical Amendments to Others","40 - Ronald Reagan"
"12610","Continuance of Certain Federal Advisory Committees","40 - Ronald Reagan"
"12623","Delegating Authority To Implement Assistance to the Nicaraguan Democratic Resistance","40 - Ronald Reagan"
"12634","Delegating Authority to Provide Assistance and Support for Peace, Democracy, and Reconciliation in Central America","40 - Ronald Reagan"
"12641","John C. Stennis Space Center","40 - Ronald Reagan"
"12642","Designation of the Secretary of Defense as the Presidential Designee Under Title I of the Uniformed and Overseas Citizens Absentee Voting Act","40 - Ronald Reagan"
"12652","Return of Authority To Administer Federal Employees' Compensation Act to the Department of Labor From the Panama Canal Commission","40 - Ronald Reagan"
"12654","Delegating Authority to Provide Assistance for the Nicaraguan Resistance","40 - Ronald Reagan"
"12656","Assignment of Emergency Preparedness Responsibilities","40 - Ronald Reagan"
"12660","National Microgravity Research Board","40 - Ronald Reagan"
"12661","Implementing the Omnibus Trade and Competitiveness Act of 1988 and Related International Trade Matters","40 - Ronald Reagan"
"12675","Establishing the National Space Council","41 - George H. W. Bush"
"12678","Level IV of the Executive Schedule","41 - George H. W. Bush"
"12682","Commission on Alternative Utilization of Military Facilities","41 - George H. W. Bush"
"12688","Transfer Authority Choctawhatchee National Forest, Florida","41 - George H. W. Bush"
"12692","Continuance of Certain Federal Advisory Committees","41 - George H. W. Bush"
"12693","Exclusion of the Defense Mapping Agency Reston Center and Elements Under the Joint Special Operations Command From the Federal Labor-Management Relations Program","41 - George H. W. Bush"
"12700","President's Council of Advisors on Science and Technology","41 - George H. W. Bush"
"12734","National Emergency Construction Authority","41 - George H. W. Bush"
"12742","National Security Industrial Responsiveness","41 - George H. W. Bush"
"12743","Ordering the Ready Reserve of the Armed Forces to Active Duty","41 - George H. W. Bush"
"12751","Health Care Services for Operation Desert Storm","41 - George H. W. Bush"
"12757","Implementation of the Enterprise for the Americas Initiative","41 - George H. W. Bush"
"12758","Addition to Level IV of the Executive Schedule","41 - George H. W. Bush"
"12773","Amending Executive Order 10480","41 - George H. W. Bush"
"12774","Continuance of Certain Federal Advisory Committees","41 - George H. W. Bush"
"12777","Implementation of Section 311 of the Federal Water Pollution Control Act of October 18, 1972, as Amended, and the Oil Pollution Act of 1990","41 - George H. W. Bush"
"12780","Federal Agency Recycling and the Council on Federal Recycling and Procurement Policy","41 - George H. W. Bush"
"12787","The Order of Succession of Officers To Act as Secretary of Defense","41 - George H. W. Bush"
"12788","Defense Economic Adjustment Program","41 - George H. W. Bush"
"12816","Management Improvement in the Federal Government","41 - George H. W. Bush"
"12821","Improving Mathematics and Science Education in Support of the National Education Goals","41 - George H. W. Bush"
"12829","National Industrial Security Program","41 - George H. W. Bush"
"12835","Establishment of the National Economic Council","42 - William J. Clinton"
"12849","Implementation of Agreement With the European Community on Government Procurement","42 - William J. Clinton"
"12854","Implementation of the Cuban Democracy Act","42 - William J. Clinton"
"12859","Establishment of the Domestic Policy Council","42 - William J. Clinton"
"12860","Adding Members to the Committee on Foreign Investment in the United States","42 - William J. Clinton"
"12869","Continuance of Certain Federal Advisory Committees","42 - William J. Clinton"
"12870","Trade Promotion Coordinating Committee","42 - William J. Clinton"
"12873","Federal Acquisition and Waste Prevention","42 - William J. Clinton"
"12881","Establishment of the National Science and Technology Council","42 - William J. Clinton"
"12882","President's Committee of Advisors on Science and Technology","42 - William J. Clinton"
"12889","Implementation of the North American Free Trade Agreement","42 - William J. Clinton"
"12891","Advisory Committee on Human Radiation Experiments","42 - William J. Clinton"
"12898","Federal Actions To Address Environmental Justice in Minority Populations and Low-Income Populations","42 - William J. Clinton"
"12902","Energy Efficiency and Water Conservation at Federal Facilities","42 - William J. Clinton"
"12906","Coordinating Geographic Data Acquisition and Access: The National Spatial Data Infrastructure","42 - William J. Clinton"
"12910","Providing for the Closing of Government Departments and Agencies on April 27, 1994","42 - William J. Clinton"
"12916","Implementation of the Border Environment Cooperation Commission and the North American Development Bank","42 - William J. Clinton"
"12919","National Defense Industrial Resources Preparedness","42 - William J. Clinton"
"12928","Promoting Procurement With Small Businesses Owned and Controlled by Socially and Economically Disadvantaged Individuals, Historically Black Colleges and Universities, and Minority Institutions","42 - William J. Clinton"
"12933","Nondisplacement of Qualified Workers Under Certain Contracts","42 - William J. Clinton"
"12938","Proliferation of Weapons of Mass Destruction","42 - William J. Clinton"
"12946","President's Advisory Board on Arms Proliferation Policy","42 - William J. Clinton"
"12953","Actions Required of All Executive Agencies To Facilitate Payment of Child Support","42 - William J. Clinton"
"12954","Ensuring the Economical and Efficient Administration and Completion of Federal Government Contracts","42 - William J. Clinton"
"12958","Classified National Security Information","42 - William J. Clinton"
"12961","Presidential Advisory Committee on Gulf War Veterans' Illnesses","42 - William J. Clinton"
"12962","Recreational Fisheries","42 - William J. Clinton"
"12966","Foreign Disaster Assistance","42 - William J. Clinton"
"12969","Federal Acquisition and Community Right-To-Know","42 - William J. Clinton"
"12974","Continuance of Certain Federal Advisory Committees","42 - William J. Clinton"
"12977","Interagency Security Committee","42 - William J. Clinton"
"12979","Agency Procurement Protests","42 - William J. Clinton"
"12989","Economy and Efficiency in Government Procurement Through Compliance With Certain Immigration and Naturalization Act Provisions","42 - William J. Clinton"
"12999","Educational Technology: Ensuring Opportunity for All Children in the Next Century","42 - William J. Clinton"
"13000","Order of Succession of Officers To Act as Secretary of Defense","42 - William J. Clinton"
"13005","Empowerment Contracting","42 - William J. Clinton"
"13010","Critical Infrastructure Protection","42 - William J. Clinton"
"13011","Federal Information Technology","42 - William J. Clinton"
"13016","Amendment to Executive Order 12580","42 - William J. Clinton"
"13031","Federal Alternative Fueled Vehicle Leadership","42 - William J. Clinton"
"13034","Executive Order 13034&mdash;Extension of Presidential Advisory Committee on Gulf War Veterans' Illnesses","42 - William J. Clinton"
"13035","Advisory Committee on High-Performance Computing and Communications, Information Technology, and the Next Generation Internet","42 - William J. Clinton"
"13041","Further Amendment to Executive Order 13010, as Amended","42 - William J. Clinton"
"13043","Increasing Seat Belt Use in the United States","42 - William J. Clinton"
"13045","Protection of Children From Environmental Health Risks and Safety Risks","42 - William J. Clinton"
"13048","Improving Administrative Management in the Executive Branch","42 - William J. Clinton"
"13053","Adding Members to and Extending the President's Council on Sustainable Development","42 - William J. Clinton"
"13057","Federal Actions in the Lake Tahoe Region","42 - William J. Clinton"
"13061","Federal Support of Community Efforts Along American Heritage Rivers","42 - William J. Clinton"
"13062","Continuance of Certain Federal Advisory Committees and Amendments to Executive Orders 13038 and 13054","42 - William J. Clinton"
"13064","Further Amendment to Executive Order 13010, as Amended, Critical Infrastructure Protection","42 - William J. Clinton"
"13072","White House Millennium Council","42 - William J. Clinton"
"13075","Special Oversight Board for Department of Defense Investigations of Gulf War Chemical and Biological Incidents","42 - William J. Clinton"
"13085","Establishment of the Enrichment Oversight Committee","42 - William J. Clinton"
"13089","Coral Reef Protection","42 - William J. Clinton"
"13096","American Indian and Alaska Native Education","42 - William J. Clinton"
"13100","President's Council on Food Safety","42 - William J. Clinton"
"13101","Greening the Government Through Waste Prevention, Recycling, and Federal Acquisition","42 - William J. Clinton"
"13107","Implementation of Human Rights Treaties","42 - William J. Clinton"
"13111","Using Technology To Improve Training Opportunities for Federal Government Employees","42 - William J. Clinton"
"13112","Invasive Species","42 - William J. Clinton"
"13115","Interagency Task Force on the Roles and Missions of the United States Coast Guard","42 - William J. Clinton"
"13118","Implementation of the Foreign Affairs Reform and Restructuring Act of 1998","42 - William J. Clinton"
"13122","Interagency Task Force on the Economic Development of the Southwest Border","42 - William J. Clinton"
"13123","Greening the Government Through Efficient Energy Management","42 - William J. Clinton"
"13134","Developing and Promoting Biobased Products and Bioenergy","42 - William J. Clinton"
"13138","Continuance of Certain Federal Advisory Committees","42 - William J. Clinton"
"13139","Improving Health Protection of Military Personnel Participating in Particular Military Operations","42 - William J. Clinton"
"13146","Presidents Council on the Future of Princeville, North Carolina","42 - William J. Clinton"
"13148","Greening the Government Through Leadership in Environmental Management","42 - William J. Clinton"
"13149","Greening the Government Through Federal Fleet and Transportation Efficiency","42 - William J. Clinton"
"13150","Federal Workforce Transportation","42 - William J. Clinton"
"13151","Global Disaster Information Network","42 - William J. Clinton"
"13158","Marine Protected Areas","42 - William J. Clinton"
"13160","Nondiscrimination on the Basis of Race, Sex, Color, National Origin, Disability, Religion, Age, Sexual Orientation, and Status as a Parent in Federally Conducted Education and Training Programs","42 - William J. Clinton"
"13173","Interagency Task Force on the Economic Development of the Central San Joaquin Valley","42 - William J. Clinton"
"13177","National Commission on the Use of Offsets in Defense Trade and President's Council on the Use of Offsets in Commercial Trade","42 - William J. Clinton"
"13178","Northwestern Hawaiian Islands Coral Reef Ecosystem Reserve","42 - William J. Clinton"
"13179","Providing Compensation to Americas Nuclear Weapons Workers","42 - William J. Clinton"
"13181","To Protect the Privacy of Protected Health Information in Oversight Investigations","42 - William J. Clinton"
"13185","To Strengthen the Federal Government-University Research Partnership","42 - William J. Clinton"
"13186","Responsibilities of Federal Agencies To Protect Migratory Birds","42 - William J. Clinton"
"13187","The Presidents Disability Employment Partnership Board","42 - William J. Clinton"
"13189","Federal Interagency Task Force on the District of Columbia","42 - William J. Clinton"
"13212","Actions To Expedite Energy-Related Projects","43 - George W. Bush"
"13214","Presidents Task Force To Improve Health Care Delivery for Our Nations Veterans","43 - George W. Bush"
"13221","Energy Efficient Standby Power Devices","43 - George W. Bush"
"13223","Ordering the Ready Reserve of the Armed Forces to Active Duty and Delegating Certain Authorities to the Secretary of Defense and the Secretary of Transportation","43 - George W. Bush"
"13225","Continuance of Certain Federal Advisory Committees","43 - George W. Bush"
"13226","Presidents Council of Advisors on Science and Technology","43 - George W. Bush"
"13228","Establishing the Office of Homeland Security and the Homeland Security Council","43 - George W. Bush"
"13231","Critical Infrastructure Protection in the Information Age","43 - George W. Bush"
"13234","Presidential Task Force on Citizen Preparedness in the War on Terrorism","43 - George W. Bush"
"13235","National Emergency Construction Authority","43 - George W. Bush"
"13253","Amendment to Executive Order 13223, Ordering the Ready Reserve of the Armed Forces to Active Duty and Delegating Certain Authorities to the Secretary of Defense and the Secretary of Transportation","43 - George W. Bush"
"13258","Amending Executive Order 12866 on Regulatory Planning and Review","43 - George W. Bush"
"13261","Providing An Order of Succession in the Environmental Protection Agency and Amending Certain Orders on Succession","43 - George W. Bush"
"13271","Establishment of the Corporate Fraud Task Force","43 - George W. Bush"
"13274","Environmental Stewardship and Transportation Infrastructure Project Reviews","43 - George W. Bush"
"13277","Delegation of Certain Authorities and Assignment of Certain Functions Under the Trade Act of 2002","43 - George W. Bush"
"13283","Establishing the Office of Global Communications","43 - George W. Bush"
"13284","Amendment of Executive Orders, and Other Actions, in Connection With the Establishment of the Department of Homeland Security","43 - George W. Bush"
"13286","Amendment of Executive Orders, and Other Actions, in Connection With the Transfer of Certain Functions to the Secretary of Homeland Security","43 - George W. Bush"
"13292","Further Amendment to Executive Order 12958, as Amended, Classified National Security Information","43 - George W. Bush"
"13296","Amendments to Executive Order 13045, Protection of Children From Environmental Health Risks and Safety Risks","43 - George W. Bush"
"13302","Amending Executive Order 13212, Actions To Expedite Energy-Related Projects","43 - George W. Bush"
"13316","Continuance of Certain Federal Advisory Committees","43 - George W. Bush"
"13326","Presidents Commission on Implementation of United States Space Exploration Policy","43 - George W. Bush"
"13329","Encouraging Innovation in Manufacturing","43 - George W. Bush"
"13337","Issuance of Permits With Respect to Certain Energy-Related Facilities and Land Transportation Crossings on the International Boundaries of the United States","43 - George W. Bush"
"13340","Establishment of Great Lakes Interagency Task Force and Promotion of a Regional Collaboration of National Significance for the Great Lakes","43 - George W. Bush"
"13343","Providing for the Closing of Government Departments and Agencies on June 11, 2004","43 - George W. Bush"
"13344","Amending Executive Order 13261 on the Order of Succession in the Environmental Protection Agency","43 - George W. Bush"
"13345","Assigning Foreign Affairs Functions and Implementing the Enterprise for the Americas Initiative and the Tropical Forest Conservation Act","43 - George W. Bush"
"13347","Individuals With Disabilities in Emergency Preparedness","43 - George W. Bush"
"13352","Facilitation of Cooperative Conservation","43 - George W. Bush"
"13353","Establishing the Presidents Board on Safeguarding Americans Civil Liberties","43 - George W. Bush"
"13354","National Counterterrorism Center","43 - George W. Bush"
"13355","Strengthened Management of the Intelligence Community","43 - George W. Bush"
"13356","Strengthening the Sharing of Terrorism Information To Protect Americans","43 - George W. Bush"
"13359","Amendment to Executive Order 13173, Interagency Task Force on the Economic Development of the Central San Joaquin Valley","43 - George W. Bush"
"13365","2004 Amendments to the Manual for Courts-Martial, United States","43 - George W. Bush"
"13366","Committee on Ocean Policy","43 - George W. Bush"
"13380","Implementing Amendments to Agreement on Border Environment Cooperation Commission and North American Development Bank","43 - George W. Bush"
"13385","Continuance of Certain Federal Advisory Committees and Amendments to and Revocation of Other Executive Orders","43 - George W. Bush"
"13388","Further Strengthening the Sharing of Terrorism Information To Protect Americans","43 - George W. Bush"
"13389","Creation of the Gulf Coast Recovery and Rebuilding Council","43 - George W. Bush"
"13394","Providing an Order of Succession Within the Department of Defense","43 - George W. Bush"
"13407","Public Alert and Warning System","43 - George W. Bush"
"13410","Promoting Quality and Efficient Health Care in Federal Government Administered or Sponsored Health Care Programs","43 - George W. Bush"
"13419","National Aeronautics Research and Development","43 - George W. Bush"
"13421","Providing for the Closing of Government Departments and Agencies on January 2, 2007","43 - George W. Bush"
"13423","Strengthening Federal Environmental, Energy, and Transportation Management","43 - George W. Bush"
"13426","Establishing a Commission on Care for America's Returning Wounded Warriors and a Task Force on Returning Global War on Terror Heroes","43 - George W. Bush"
"13432","Cooperation Among Agencies in Protecting the Environment With Respect to Greenhouse Gas Emissions From Motor Vehicles, Nonroad Vehicles, and Nonroad Engines","43 - George W. Bush"
"13434","National Security Professional Development","43 - George W. Bush"
"13435","Expanding Approved Stem Cell Lines in Ethically Responsible Ways","43 - George W. Bush"
"13439","Establishing an Interagency Working Group on Import Safety","43 - George W. Bush"
"13456","Further Amendment of Executive Order 11858 Concerning Foreign Investment in the United States","43 - George W. Bush"
"13461","Providing an Order of Succession Within the Department of Health and Human Services","43 - George W. Bush"
"13465","Amending Executive Order 12989, as Amended","43 - George W. Bush"
"13470","Further Amendments to Executive Order 12333, United States Intelligence Activities","43 - George W. Bush"
"13479","Transformation of the National Air Transportation System","43 - George W. Bush"
"13480","Exclusions From the Federal Labor-Management Relations Program","43 - George W. Bush"
"13486","Strengthening Laboratory Biosecurity in the United States","43 - George W. Bush"
"13491","Ensuring Lawful Interrogations","44 - Barack Obama"
"13492","Review and Disposition of Individuals Detained at the Guant&aacute;namo Bay Naval Base and Closure of Detention Facilities","44 - Barack Obama"
"13493","Review of Detention Policy Options","44 - Barack Obama"
"13500","Further Amendments to Executive Order 12859, Establishment of the Domestic Policy Council","44 - Barack Obama"
"13503","Establishment of the White House Office of Urban Affairs","44 - Barack Obama"
"13505","Removing Barriers to Responsible Scientific Research Involving Human Stem Cells","44 - Barack Obama"
"13506","Establishing a White House Council on Women and Girls","44 - Barack Obama"
"13508","Chesapeake Bay Protection and Restoration","44 - Barack Obama"
"13509","Establishing a White House Council on Automotive Communities and Workers","44 - Barack Obama"
"13511","Continuance of Certain Federal Advisory Committees","44 - Barack Obama"
"13514","Federal Leadership in Environmental, Energy, and Economic Performance","44 - Barack Obama"
"13515","Increasing Participation of Asian Americans and Pacific Islanders in Federal Programs","44 - Barack Obama"
"13518","Employment of Veterans in the Federal Government","44 - Barack Obama"
"13526","Classified National Security Information","44 - Barack Obama"
"13528","Establishment of the Council of Governors","44 - Barack Obama"
"13533","Providing an Order of Succession Within the Department of Defense","44 - Barack Obama"
"13539","President's Council of Advisors on Science and Technology","44 - Barack Obama"
"13540","Interagency Task Force on Veterans Small Business Development","44 - Barack Obama"
"13544","Establishing the National Prevention, Health Promotion, and Public Health Council","44 - Barack Obama"
"13546","Optimizing the Security of Biological Select Agents and Toxins in the United States","44 - Barack Obama"
"13547","Stewardship of the Ocean, Our Coasts, and the Great Lakes","44 - Barack Obama"
"13549","Classified National Security Information Program for State, Local, Tribal, and Private Sector Entities","44 - Barack Obama"
"13554","Establishing the Gulf Coast Ecosystem Restoration Task Force","44 - Barack Obama"
"13558","Export Enforcement Coordination Center","44 - Barack Obama"
"13559","Fundamental Principles and Policymaking Criteria for Partnerships With Faith-Based and Other Neighborhood Organizations","44 - Barack Obama"
"13571","Streamlining Service Delivery and Improving Customer Service","44 - Barack Obama"
"13575","Establishment of the White House Rural Council","44 - Barack Obama"
"13577","Establishment of the SelectUSA Initiative","44 - Barack Obama"
"13580","Interagency Working Group on Coordination of Domestic Energy Development and Permitting in Alaska","44 - Barack Obama"
"13584","Developing an Integrated Strategic Counterterrorism Communications Initiative and Establishing a Temporary Organization To Support Certain Government-Wide Communications Activities Directed Abroad","44 - Barack Obama"
"13591","Continuance of Certain Federal Advisory Committees","44 - Barack Obama"
"13592","Improving American Indian and Alaska Native Educational Opportunities and Strengthening Tribal Colleges and Universities","44 - Barack Obama"
"13596","Amendments to Executive Orders 12131 and 13539","44 - Barack Obama"
"13602","Establishing a White House Council on Strong Cities, Strong Communities","44 - Barack Obama"
"13603","National Defense Resources Preparedness","44 - Barack Obama"
"13604","Improving Performance of Federal Permitting and Review of Infrastructure Projects","44 - Barack Obama"
"13605","Supporting Safe and Responsible Development of Unconventional Domestic Natural Gas Resources","44 - Barack Obama"
"13607","Establishing Principles of Excellence for Educational Institutions Serving Service Members, Veterans, Spouses, and Other Family Members","44 - Barack Obama"
"13614","Providing an Order of Succession Within the Environmental Protection Agency","44 - Barack Obama"
"13616","Accelerating Broadband Infrastructure Deployment","44 - Barack Obama"
"13618","Assignment of National Security and Emergency Preparedness Communications Functions","44 - Barack Obama"
"13621","White House Initiative on Educational Excellence for African Americans","44 - Barack Obama"
"13623","Preventing and Responding to Violence Against Women and Girls Globally","44 - Barack Obama"
"13624","Accelerating Investment in Industrial Energy Efficiency","44 - Barack Obama"
"13625","Improving Access to Mental Health Services for Veterans, Service Members, and Military Families","44 - Barack Obama"
"13626","Gulf Coast Ecosystem Restoration","44 - Barack Obama"
"13629","Establishing the White House Homeland Security Partnership Council","44 - Barack Obama"
"13630","Establishment of an Interagency Task Force on Commercial Advocacy","44 - Barack Obama"
"13632","Establishing the Hurricane Sandy Rebuilding Task Force","44 - Barack Obama"
"13637","Administration of Reformed Export Controls","44 - Barack Obama"
"13642","Making Open and Machine Readable the New Default for Government Information","44 - Barack Obama"
"13647","Establishing the White House Council on Native American Affairs","44 - Barack Obama"
"13648","Combating Wildlife Trafficking","44 - Barack Obama"
"13649","Accelerating Improvements in HIV Prevention and Care in the United States Through the HIV Care Initiative","44 - Barack Obama"
"13650","Improving Chemical Facility Safety and Security","44 - Barack Obama"
"13652","Continuance of Certain Federal Advisory Committees","44 - Barack Obama"
"13653","Preparing the United States for the Impacts of Climate Change","44 - Barack Obama"
"13659","Streamlining the Export/Import Process for America's Businesses","44 - Barack Obama"
"13676","Combating Antibiotic-Resistant Bacteria","44 - Barack Obama"
"13677","Climate-Resilient International Development","44 - Barack Obama"
"13681","Improving the Security of Consumer Financial Transactions","44 - Barack Obama"
"13689","Enhancing Coordination of National Efforts in the Arctic","44 - Barack Obama"
